--@Autores: GARCIA MENESES JEREMY, MENDOZA DE LA VEGA DULCE ELIZABETH
--@Fecha: 04/01/2021
--@Descripción: INSERTANDO REGISTROS

-------------------------------------------------------------TABLA USUARIOS-----------------------------------------------------------------------

insert into usuario (USUARIO_ID, NOMBRE_USUARIO, NOBRE, AP_PATERNNO, AP_MATERNO, EMAIL, CONTRA) values (1, 'jkinforth0', 'Jayme', 'Chettle', 'Kinforth', 'jkinforth0@amazonaws.com', '50-51-EB-23-4E-86');
insert into usuario (USUARIO_ID, NOMBRE_USUARIO, NOBRE, AP_PATERNNO, AP_MATERNO, EMAIL, CONTRA) values (2, 'agoldwater1', 'Astra', 'Terren', 'Goldwater', 'agoldwater1@lycos.com', '0A-1F-0E-A1-82-FC');
insert into usuario (USUARIO_ID, NOMBRE_USUARIO, NOBRE, AP_PATERNNO, AP_MATERNO, EMAIL, CONTRA) values (3, 'anewby2', 'Anetta', 'Digweed', 'Newby', 'anewby2@bandcamp.com', 'F0-09-C4-96-14-8E');
insert into usuario (USUARIO_ID, NOMBRE_USUARIO, NOBRE, AP_PATERNNO, AP_MATERNO, EMAIL, CONTRA) values (4, 'cvales3', 'Celisse', 'Tilston', 'Vales', 'cvales3@theatlantic.com', 'B3-BB-B0-7A-E1-C4');
insert into usuario (USUARIO_ID, NOMBRE_USUARIO, NOBRE, AP_PATERNNO, AP_MATERNO, EMAIL, CONTRA) values (5, 'lcapell4', 'Lorne', 'Grestie', 'Capell', 'lcapell4@omniture.com', '13-85-81-1C-31-94');
insert into usuario (USUARIO_ID, NOMBRE_USUARIO, NOBRE, AP_PATERNNO, AP_MATERNO, EMAIL, CONTRA) values (6, 'mridler5', 'Mufi', 'Joly', 'Ridler', 'mridler5@creativecommons.org', '5F-53-1D-F5-5C-2B');
insert into usuario (USUARIO_ID, NOMBRE_USUARIO, NOBRE, AP_PATERNNO, AP_MATERNO, EMAIL, CONTRA) values (7, 'kyanson6', 'Kym', 'Jamrowicz', 'Yanson', 'kyanson6@desdev.cn', 'A6-13-0C-69-76-43');
insert into usuario (USUARIO_ID, NOMBRE_USUARIO, NOBRE, AP_PATERNNO, AP_MATERNO, EMAIL, CONTRA) values (8, 'cgrigolli7', 'Channa', 'Rounce', 'Grigolli', 'cgrigolli7@hatena.ne.jp', '3E-BD-57-DD-59-13');
insert into usuario (USUARIO_ID, NOMBRE_USUARIO, NOBRE, AP_PATERNNO, AP_MATERNO, EMAIL, CONTRA) values (9, 'akix8', 'Allianora', 'Pagin', 'Kix', 'akix8@ezinearticles.com', 'F3-9A-2D-66-30-18');
insert into usuario (USUARIO_ID, NOMBRE_USUARIO, NOBRE, AP_PATERNNO, AP_MATERNO, EMAIL, CONTRA) values (10, 'abartosik9', 'Audy', 'Palle', 'Bartosik', 'abartosik9@ebay.com', 'EC-60-02-05-B8-29');
insert into usuario (USUARIO_ID, NOMBRE_USUARIO, NOBRE, AP_PATERNNO, AP_MATERNO, EMAIL, CONTRA) values (11, 'bbertomeua', 'Batsheva', 'Axcel', 'Bertomeu', 'bbertomeua@wired.com', 'C9-D2-00-C7-DF-D2');
insert into usuario (USUARIO_ID, NOMBRE_USUARIO, NOBRE, AP_PATERNNO, AP_MATERNO, EMAIL, CONTRA) values (12, 'apellewb', 'April', 'Mulhall', 'Pellew', 'apellewb@biglobe.ne.jp', '86-52-3D-97-8E-2D');
insert into usuario (USUARIO_ID, NOMBRE_USUARIO, NOBRE, AP_PATERNNO, AP_MATERNO, EMAIL, CONTRA) values (13, 'cdeathec', 'Cathe', 'De Atta', 'D''eathe', 'cdeathec@homestead.com', '35-3D-CE-FD-8C-BB');
insert into usuario (USUARIO_ID, NOMBRE_USUARIO, NOBRE, AP_PATERNNO, AP_MATERNO, EMAIL, CONTRA) values (14, 'bfacchinid', 'Beverlee', 'Capes', 'Facchini', 'bfacchinid@pcworld.com', 'AA-68-11-15-48-98');
insert into usuario (USUARIO_ID, NOMBRE_USUARIO, NOBRE, AP_PATERNNO, AP_MATERNO, EMAIL, CONTRA) values (15, 'iwhissone', 'Ilyse', 'Siddele', 'Whisson', 'iwhissone@typepad.com', 'A4-07-B0-D3-E9-80');
insert into usuario (USUARIO_ID, NOMBRE_USUARIO, NOBRE, AP_PATERNNO, AP_MATERNO, EMAIL, CONTRA) values (16, 'rbremmellf', 'Rosina', 'Halifax', 'Bremmell', 'rbremmellf@berkeley.edu', 'AB-8A-FE-01-91-6D');
insert into usuario (USUARIO_ID, NOMBRE_USUARIO, NOBRE, AP_PATERNNO, AP_MATERNO, EMAIL, CONTRA) values (17, 'tmilwardg', 'Tamma', 'Arnout', 'Milward', 'tmilwardg@bloglovin.com', 'DB-CA-B8-CD-58-55');
insert into usuario (USUARIO_ID, NOMBRE_USUARIO, NOBRE, AP_PATERNNO, AP_MATERNO, EMAIL, CONTRA) values (18, 'pgoaleyh', 'Pet', 'Coggell', 'Goaley', 'pgoaleyh@mlb.com', '58-E2-94-3E-B6-E8');
insert into usuario (USUARIO_ID, NOMBRE_USUARIO, NOBRE, AP_PATERNNO, AP_MATERNO, EMAIL, CONTRA) values (19, 'tpirkisi', 'Tilly', 'Meece', 'Pirkis', 'tpirkisi@nifty.com', '16-F1-9B-F3-AB-ED');
insert into usuario (USUARIO_ID, NOMBRE_USUARIO, NOBRE, AP_PATERNNO, AP_MATERNO, EMAIL, CONTRA) values (20, 'ekillickj', 'Elisa', 'Turnbull', 'Killick', 'ekillickj@ow.ly', '74-D0-75-1A-9B-CB');
insert into usuario (USUARIO_ID, NOMBRE_USUARIO, NOBRE, AP_PATERNNO, AP_MATERNO, EMAIL, CONTRA) values (21, 'agirodierk', 'Aurelie', 'Dibdale', 'Girodier', 'agirodierk@bravesites.com', 'CA-76-0D-3F-5E-FC');
insert into usuario (USUARIO_ID, NOMBRE_USUARIO, NOBRE, AP_PATERNNO, AP_MATERNO, EMAIL, CONTRA) values (22, 'aamiesl', 'Anna-maria', 'Van Weedenburg', 'Amies', 'aamiesl@state.gov', '9E-37-A1-D0-82-34');
insert into usuario (USUARIO_ID, NOMBRE_USUARIO, NOBRE, AP_PATERNNO, AP_MATERNO, EMAIL, CONTRA) values (23, 'grecherm', 'Gabie', 'Tremberth', 'Recher', 'grecherm@freewebs.com', 'DB-55-17-79-1D-A7');
insert into usuario (USUARIO_ID, NOMBRE_USUARIO, NOBRE, AP_PATERNNO, AP_MATERNO, EMAIL, CONTRA) values (24, 'smacgilrewyn', 'Sandi', 'Adess', 'MacGilrewy', 'smacgilrewyn@hostgator.com', 'E3-C0-95-D7-9F-9C');
insert into usuario (USUARIO_ID, NOMBRE_USUARIO, NOBRE, AP_PATERNNO, AP_MATERNO, EMAIL, CONTRA) values (25, 'hlefevreo', 'Hildy', 'Dewbury', 'Le Fevre', 'hlefevreo@hubpages.com', 'ED-A4-EA-E7-73-E8');
insert into usuario (USUARIO_ID, NOMBRE_USUARIO, NOBRE, AP_PATERNNO, AP_MATERNO, EMAIL, CONTRA) values (26, 'italboyp', 'Issy', 'Pouton', 'Talboy', 'italboyp@goo.ne.jp', 'D1-7F-6E-D0-F2-2E');
insert into usuario (USUARIO_ID, NOMBRE_USUARIO, NOBRE, AP_PATERNNO, AP_MATERNO, EMAIL, CONTRA) values (27, 'mgrowyq', 'Mellisa', 'Decort', 'Growy', 'mgrowyq@deliciousdays.com', '36-60-DB-9B-00-1F');
insert into usuario (USUARIO_ID, NOMBRE_USUARIO, NOBRE, AP_PATERNNO, AP_MATERNO, EMAIL, CONTRA) values (28, 'ahissettr', 'Angil', 'Cater', 'Hissett', 'ahissettr@foxnews.com', 'B3-82-54-97-CF-BB');
insert into usuario (USUARIO_ID, NOMBRE_USUARIO, NOBRE, AP_PATERNNO, AP_MATERNO, EMAIL, CONTRA) values (29, 'gpenddreths', 'Gabriellia', 'Castagneri', 'Penddreth', 'gpenddreths@t-online.de', '74-DF-2A-3A-1C-5C');
insert into usuario (USUARIO_ID, NOMBRE_USUARIO, NOBRE, AP_PATERNNO, AP_MATERNO, EMAIL, CONTRA) values (30, 'pstansburyt', 'Phillis', 'Shutle', 'Stansbury', 'pstansburyt@multiply.com', '9E-01-76-EA-89-5F');
insert into usuario (USUARIO_ID, NOMBRE_USUARIO, NOBRE, AP_PATERNNO, AP_MATERNO, EMAIL, CONTRA) values (31, 'pbranneyu', 'Pauly', 'Karolovsky', 'Branney', 'pbranneyu@newsvine.com', '2E-99-38-81-D0-34');

----------------------------------------------------------------------------------------------------------------------------------------------------------------------------------

insert into  MENSAJE(mensaje_id,titulo,texto,visto,usuario_id,respuesta_id,vivienda_id) values ('Consulta de venta','hola, quiero rentar la casa, ¿Qué día quedamos?',1,13,15,1);
insert into  MENSAJE(mensaje_id,titulo,texto,visto,usuario_id,respuesta_id,vivienda_id) values ('Consulta de venta','hola, quiero rentar la casa, ¿Qué día quedamos?',0,14,11,2);
insert into  MENSAJE(mensaje_id,titulo,texto,visto,usuario_id,respuesta_id,vivienda_id) values ('Aun esta disponible??',1,6,10,2);
insert into  MENSAJE(mensaje_id,titulo,texto,visto,usuario_id,respuesta_id,vivienda_id) values ('Consulta de venta','hola, quiero rentar la casa, ¿Qué día quedamos?',1,4,15,3);
insert into  MENSAJE(mensaje_id,titulo,texto,visto,usuario_id,respuesta_id,vivienda_id) values ('Consulta de venta','hola, quiero rentar la casa, ¿Qué día quedamos?',0,3,9,5);
insert into  MENSAJE(mensaje_id,titulo,texto,visto,usuario_id,respuesta_id,vivienda_id) values ('Se encuentra en compra la casa?',0,2,9,5);
insert into  MENSAJE(mensaje_id,titulo,texto,visto,usuario_id,respuesta_id,vivienda_id) values ('Consulta de venta','hola, quiero rentar la casa, ¿Qué día quedamos?',1,13,9,1);
insert into  MENSAJE(mensaje_id,titulo,texto,visto,usuario_id,respuesta_id,vivienda_id) values ('Consulta de venta, Cuanto es el tiempo maximo de renta',0,8,7,2);
insert into  MENSAJE(mensaje_id,titulo,texto,visto,usuario_id,respuesta_id,vivienda_id) values ('Consulta de venta','hola, quiero rentar la casa, ¿Qué día quedamos?',1,7,7,5);
insert into  MENSAJE(mensaje_id,titulo,texto,visto,usuario_id,respuesta_id,vivienda_id) values ('Consulta de venta','hola, quiero rentar la casa, ¿Qué día quedamos?',0,1,5,4);
insert into  MENSAJE(mensaje_id,titulo,texto,visto,usuario_id,respuesta_id,vivienda_id) values ('Consulta de venta','hola, quiero rentar la casa, ¿Qué día quedamos?',0,14,6,4);
insert into  MENSAJE(mensaje_id,titulo,texto,visto,usuario_id,respuesta_id,vivienda_id) values ('Consulta de venta','hola, quiero rentar la casa, ¿Qué día quedamos?',1,9,5,4);
insert into  MENSAJE(mensaje_id,titulo,texto,visto,usuario_id,respuesta_id,vivienda_id) values ('Consulta de venta','hola, quiero rentar la casa, ¿Qué día quedamos?',1,13,15,1);
insert into  MENSAJE(mensaje_id,titulo,texto,visto,usuario_id,respuesta_id,vivienda_id) values ('Consulta de venta','hola, quiero rentar la casa, ¿Qué día quedamos?',0,14,11,2);
insert into  MENSAJE(mensaje_id,titulo,texto,visto,usuario_id,respuesta_id,vivienda_id) values ('Aun esta disponible??',1,6,10,2);
insert into  MENSAJE(mensaje_id,titulo,texto,visto,usuario_id,respuesta_id,vivienda_id) values ('Consulta de venta','hola, quiero rentar la casa, ¿Qué día quedamos?',1,4,15,3);
insert into  MENSAJE(mensaje_id,titulo,texto,visto,usuario_id,respuesta_id,vivienda_id) values ('Consulta de venta','hola, quiero rentar la casa, ¿Qué día quedamos?',0,3,9,5);
insert into  MENSAJE(mensaje_id,titulo,texto,visto,usuario_id,respuesta_id,vivienda_id) values ('Se encuentra en compra la casa?',0,2,9,5);
insert into  MENSAJE(mensaje_id,titulo,texto,visto,usuario_id,respuesta_id,vivienda_id) values ('Consulta de venta','hola, quiero rentar la casa, ¿Qué día quedamos?',1,13,9,1);
insert into  MENSAJE(mensaje_id,titulo,texto,visto,usuario_id,respuesta_id,vivienda_id) values ('Consulta de venta, Cuanto es el tiempo maximo de renta',0,8,7,2);
insert into  MENSAJE(mensaje_id,titulo,texto,visto,usuario_id,respuesta_id,vivienda_id) values ('Consulta de venta','hola, quiero rentar la casa, ¿Qué día quedamos?',1,7,7,5);
insert into  MENSAJE(mensaje_id,titulo,texto,visto,usuario_id,respuesta_id,vivienda_id) values ('Consulta de venta','hola, quiero rentar la casa, ¿Qué día quedamos?',0,1,5,4);
insert into  MENSAJE(mensaje_id,titulo,texto,visto,usuario_id,respuesta_id,vivienda_id) values ('Consulta de venta','hola, quiero rentar la casa, ¿Qué día quedamos?',0,14,6,4);
insert into  MENSAJE(mensaje_id,titulo,texto,visto,usuario_id,respuesta_id,vivienda_id) values ('Consulta de venta','hola, quiero rentar la casa, ¿Qué día quedamos?',1,9,5,4);
insert into  MENSAJE(mensaje_id,titulo,texto,visto,usuario_id,respuesta_id,vivienda_id) values ('Consulta de venta','hola, quiero rentar la casa, ¿Qué día quedamos?',1,13,15,1);
insert into  MENSAJE(mensaje_id,titulo,texto,visto,usuario_id,respuesta_id,vivienda_id) values ('Consulta de venta','hola, quiero rentar la casa, ¿Qué día quedamos?',0,14,11,2);
insert into  MENSAJE(mensaje_id,titulo,texto,visto,usuario_id,respuesta_id,vivienda_id) values ('Aun esta disponible??',1,6,10,2);
insert into  MENSAJE(mensaje_id,titulo,texto,visto,usuario_id,respuesta_id,vivienda_id) values ('Consulta de venta','hola, quiero rentar la casa, ¿Qué día quedamos?',1,4,15,3);
insert into  MENSAJE(mensaje_id,titulo,texto,visto,usuario_id,respuesta_id,vivienda_id) values ('Consulta de venta','hola, quiero rentar la casa, ¿Qué día quedamos?',0,3,9,5);
insert into  MENSAJE(mensaje_id,titulo,texto,visto,usuario_id,respuesta_id,vivienda_id) values ('Se encuentra en compra la casa?',0,2,9,5);
insert into  MENSAJE(mensaje_id,titulo,texto,visto,usuario_id,respuesta_id,vivienda_id) values ('Consulta de venta','hola, quiero rentar la casa, ¿Qué día quedamos?',1,13,9,1);
insert into  MENSAJE(mensaje_id,titulo,texto,visto,usuario_id,respuesta_id,vivienda_id) values ('Consulta de venta, Cuanto es el tiempo maximo de renta',0,8,7,2);
insert into  MENSAJE(mensaje_id,titulo,texto,visto,usuario_id,respuesta_id,vivienda_id) values ('Consulta de venta','hola, quiero rentar la casa, ¿Qué día quedamos?',1,7,7,5);
insert into  MENSAJE(mensaje_id,titulo,texto,visto,usuario_id,respuesta_id,vivienda_id) values ('Consulta de venta','hola, quiero rentar la casa, ¿Qué día quedamos?',0,1,5,4);
insert into  MENSAJE(mensaje_id,titulo,texto,visto,usuario_id,respuesta_id,vivienda_id) values ('Consulta de venta','hola, quiero rentar la casa, ¿Qué día quedamos?',0,14,6,4);
insert into  MENSAJE(mensaje_id,titulo,texto,visto,usuario_id,respuesta_id,vivienda_id) values ('Consulta de venta','hola, quiero rentar la casa, ¿Qué día quedamos?',1,9,5,4);
insert into  MENSAJE(mensaje_id,titulo,texto,visto,usuario_id,respuesta_id,vivienda_id) values ('Consulta de venta','hola, quiero rentar la casa, ¿Qué día quedamos?',1,13,15,1);
insert into  MENSAJE(mensaje_id,titulo,texto,visto,usuario_id,respuesta_id,vivienda_id) values ('Consulta de venta','hola, quiero rentar la casa, ¿Qué día quedamos?',0,14,11,2);
insert into  MENSAJE(mensaje_id,titulo,texto,visto,usuario_id,respuesta_id,vivienda_id) values ('Aun esta disponible??',1,6,10,2);
insert into  MENSAJE(mensaje_id,titulo,texto,visto,usuario_id,respuesta_id,vivienda_id) values ('Consulta de venta','hola, quiero rentar la casa, ¿Qué día quedamos?',1,4,15,3);
insert into  MENSAJE(mensaje_id,titulo,texto,visto,usuario_id,respuesta_id,vivienda_id) values ('Consulta de venta','hola, quiero rentar la casa, ¿Qué día quedamos?',0,3,9,5);
insert into  MENSAJE(mensaje_id,titulo,texto,visto,usuario_id,respuesta_id,vivienda_id) values ('Se encuentra en compra la casa?',0,2,9,5);
insert into  MENSAJE(mensaje_id,titulo,texto,visto,usuario_id,respuesta_id,vivienda_id) values ('Consulta de venta','hola, quiero rentar la casa, ¿Qué día quedamos?',1,13,9,1);
insert into  MENSAJE(mensaje_id,titulo,texto,visto,usuario_id,respuesta_id,vivienda_id) values ('Consulta de venta, Cuanto es el tiempo maximo de renta',0,8,7,2);
insert into  MENSAJE(mensaje_id,titulo,texto,visto,usuario_id,respuesta_id,vivienda_id) values ('Consulta de venta','hola, quiero rentar la casa, ¿Qué día quedamos?',1,7,7,5);
insert into  MENSAJE(mensaje_id,titulo,texto,visto,usuario_id,respuesta_id,vivienda_id) values ('Consulta de venta','hola, quiero rentar la casa, ¿Qué día quedamos?',0,1,5,4);
insert into  MENSAJE(mensaje_id,titulo,texto,visto,usuario_id,respuesta_id,vivienda_id) values ('Consulta de venta','hola, quiero rentar la casa, ¿Qué día quedamos?',0,14,6,4);
insert into  MENSAJE(mensaje_id,titulo,texto,visto,usuario_id,respuesta_id,vivienda_id) values ('Consulta de venta','hola, quiero rentar la casa, ¿Qué día quedamos?',1,9,5,4);

---------------------------------------------------------------------------------------------------------------------------------------------------------------------------

insert into VIVIENDA(vivienda_id,direccion,longitud,latitud,capacidad_max,descripcion,fecha_estatus,es_v_venta,es_v_renta,es_v_vacacionar,usuario_id,estatus_vivienda_id) values (1,'Calle Maestro Antonio Caso 147, San Rafael, Cuauhtémoc, 06470 Ciudad de México, CDMX',79.372954064531918, -13.18435041904353,10,'Casa grande','9/17/1992',1,0,0,13,3);
insert into VIVIENDA(vivienda_id,direccion,longitud,latitud,capacidad_max,descripcion,fecha_estatus,es_v_venta,es_v_renta,es_v_vacacionar,usuario_id,estatus_vivienda_id) values (2,'Amsterdam 53, Hipódromo, Cuauhtémoc, 06100 Ciudad de México, CDMX',19.379532817225638, -99.18111567497455,5,'Casa pequeña ','5/18/1998',1,0,1,31,2);
insert into VIVIENDA(vivienda_id,direccion,longitud,latitud,capacidad_max,descripcion,fecha_estatus,es_v_venta,es_v_renta,es_v_vacacionar,usuario_id,estatus_vivienda_id) values (3,'Augusto Rodin 499, Insurgentes Mixcoac, Benito Juárez, 03920 Ciudad de México, CDMX',82.372954064531918, -45.18435041904353,4,'Casa mediana','1/24/2001',1,1,0,28,1);
insert into VIVIENDA(vivienda_id,direccion,longitud,latitud,capacidad_max,descripcion,fecha_estatus,es_v_venta,es_v_renta,es_v_vacacionar,usuario_id,estatus_vivienda_id) values (4,'Calle Salvador Díaz Mirón 84, Sta María la Ribera, Cuauhtémoc, 06400 Ciudad de México, CDMX',20.372954064531918, -69.18435041904353,8,'Departamento ','9/15/2007',0,1,0,8,3);
insert into VIVIENDA(vivienda_id,direccion,longitud,latitud,capacidad_max,descripcion,fecha_estatus,es_v_venta,es_v_renta,es_v_vacacionar,usuario_id,estatus_vivienda_id) values (5,'Centro Armand, Av. de los Insurgentes Sur 1391, Insurgentes Mixcoac, Benito Juárez, 03920 Ciudad de México, CDMX',19.373450010522657, -99.18015007973771,2,'Departamento grande','3/01/2012',1,0,0,1,2);
insert into VIVIENDA(vivienda_id,direccion,longitud,latitud,capacidad_max,descripcion,fecha_estatus,es_v_venta,es_v_renta,es_v_vacacionar,usuario_id,estatus_vivienda_id) values (6,'Denver 29-a, Noche Buena, Benito Juárez, 03720 Ciudad de México, CDMX',19.372954064531918, -99.18435041904353,3,'depertamento chico','4/23/2017',0,0,1,31,3);

-----------------------------------------------------------------------------------------------------------------------------------------------------------------

insert into TARJETA_CREDITO (TARJETA_ID, NUM_SEGURIDAD, NUM_TARJETA, ANIO_EXP, MES_EXP, USURIO_ID) values (2, '6625', '3550837210055169', '2000', '6', 2);
insert into TARJETA_CREDITO (TARJETA_ID, NUM_SEGURIDAD, NUM_TARJETA, ANIO_EXP, MES_EXP, USURIO_ID) values (3, '6000', '201441534185759', '2023', '5', 3);
insert into TARJETA_CREDITO (TARJETA_ID, NUM_SEGURIDAD, NUM_TARJETA, ANIO_EXP, MES_EXP, USURIO_ID) values (4, '5450', '201475848018801', '2022', '11', 4);
insert into TARJETA_CREDITO (TARJETA_ID, NUM_SEGURIDAD, NUM_TARJETA, ANIO_EXP, MES_EXP, USURIO_ID) values (5, '1084', '3540468079556619', '2022', '2', 5);
insert into TARJETA_CREDITO (TARJETA_ID, NUM_SEGURIDAD, NUM_TARJETA, ANIO_EXP, MES_EXP, USURIO_ID) values (6, '1146', '3572520960139698', '2021', '1', 6);
insert into TARJETA_CREDITO (TARJETA_ID, NUM_SEGURIDAD, NUM_TARJETA, ANIO_EXP, MES_EXP, USURIO_ID) values (7, '41521', '5150938709782427', '2023', '12', 7);
insert into TARJETA_CREDITO (TARJETA_ID, NUM_SEGURIDAD, NUM_TARJETA, ANIO_EXP, MES_EXP, USURIO_ID) values (8, '4253', '67612358871923216', '2010', '3', 8);
insert into TARJETA_CREDITO (TARJETA_ID, NUM_SEGURIDAD, NUM_TARJETA, ANIO_EXP, MES_EXP, USURIO_ID) values (9, '3517', '3539113635782134', '2025', '9', 9);
insert into TARJETA_CREDITO (TARJETA_ID, NUM_SEGURIDAD, NUM_TARJETA, ANIO_EXP, MES_EXP, USURIO_ID) values (10, '4897', '3550575031992661', '2018', '8', 10);
insert into TARJETA_CREDITO (TARJETA_ID, NUM_SEGURIDAD, NUM_TARJETA, ANIO_EXP, MES_EXP, USURIO_ID) values (11, '7914', '3576304045255217', '2021', '12', 11);
insert into TARJETA_CREDITO (TARJETA_ID, NUM_SEGURIDAD, NUM_TARJETA, ANIO_EXP, MES_EXP, USURIO_ID) values (12, '2332', '3581888219785846', '2022', '6', 12);
insert into TARJETA_CREDITO (TARJETA_ID, NUM_SEGURIDAD, NUM_TARJETA, ANIO_EXP, MES_EXP, USURIO_ID) values (13, '2635', '3546394589273574', '2023', '1', 13);
insert into TARJETA_CREDITO (TARJETA_ID, NUM_SEGURIDAD, NUM_TARJETA, ANIO_EXP, MES_EXP, USURIO_ID) values (14, '9329', '3535629778538060', '2022', '4', 14);
insert into TARJETA_CREDITO (TARJETA_ID, NUM_SEGURIDAD, NUM_TARJETA, ANIO_EXP, MES_EXP, USURIO_ID) values (15, '6433', '3549730303502748', '2020', '11', 15);
insert into TARJETA_CREDITO (TARJETA_ID, NUM_SEGURIDAD, NUM_TARJETA, ANIO_EXP, MES_EXP, USURIO_ID) values (16, '3582', '3580111806933831', '2019', '5', 16);
insert into TARJETA_CREDITO (TARJETA_ID, NUM_SEGURIDAD, NUM_TARJETA, ANIO_EXP, MES_EXP, USURIO_ID) values (17, '3606', '5010122166844596', '2025', '1', 17);
insert into TARJETA_CREDITO (TARJETA_ID, NUM_SEGURIDAD, NUM_TARJETA, ANIO_EXP, MES_EXP, USURIO_ID) values (18, '2726', '3539433727655224', '2020', '5', 18);
insert into TARJETA_CREDITO (TARJETA_ID, NUM_SEGURIDAD, NUM_TARJETA, ANIO_EXP, MES_EXP, USURIO_ID) values (19, '1331', '4913417944129224', '2024', '9', 19);
insert into TARJETA_CREDITO (TARJETA_ID, NUM_SEGURIDAD, NUM_TARJETA, ANIO_EXP, MES_EXP, USURIO_ID) values (20, '6530', '3576735486259079', '2021', '8', 20);
insert into TARJETA_CREDITO (TARJETA_ID, NUM_SEGURIDAD, NUM_TARJETA, ANIO_EXP, MES_EXP, USURIO_ID) values (21, '2991', '3556946947635443', '2022', '6', 21);
insert into TARJETA_CREDITO (TARJETA_ID, NUM_SEGURIDAD, NUM_TARJETA, ANIO_EXP, MES_EXP, USURIO_ID) values (22, '2765', '3563516284532320', '2023', '7', 22);
insert into TARJETA_CREDITO (TARJETA_ID, NUM_SEGURIDAD, NUM_TARJETA, ANIO_EXP, MES_EXP, USURIO_ID) values (23, '3149', '5602220516431068359', '2024', '3', 23);
insert into TARJETA_CREDITO (TARJETA_ID, NUM_SEGURIDAD, NUM_TARJETA, ANIO_EXP, MES_EXP, USURIO_ID) values (24, '7904', '5610966412580394', '2020', '2', 1);
insert into TARJETA_CREDITO (TARJETA_ID, NUM_SEGURIDAD, NUM_TARJETA, ANIO_EXP, MES_EXP, USURIO_ID) values (25, '2177', '3574324076606114', '2025', '8', 25);
insert into TARJETA_CREDITO (TARJETA_ID, NUM_SEGURIDAD, NUM_TARJETA, ANIO_EXP, MES_EXP, USURIO_ID) values (26, '4870', '675923194623295601', '2023', '11', 26);
insert into TARJETA_CREDITO (TARJETA_ID, NUM_SEGURIDAD, NUM_TARJETA, ANIO_EXP, MES_EXP, USURIO_ID) values (27, '7373', '3579264601207985', '2023', '5', 3);
insert into TARJETA_CREDITO (TARJETA_ID, NUM_SEGURIDAD, NUM_TARJETA, ANIO_EXP, MES_EXP, USURIO_ID) values (28, '6027', '3529203576557801', '2024', '9', 28);
insert into TARJETA_CREDITO (TARJETA_ID, NUM_SEGURIDAD, NUM_TARJETA, ANIO_EXP, MES_EXP, USURIO_ID) values (29, '8278', '201788703814704', '2021', '12', 29);
insert into TARJETA_CREDITO (TARJETA_ID, NUM_SEGURIDAD, NUM_TARJETA, ANIO_EXP, MES_EXP, USURIO_ID) values (30, '4449', '6763185477829009', '2023', '5', 3);
insert into MOCK_DATA (TARJETA_ID, NUM_SEGURIDAD, NUM_TARJETA, ANIO_EXP, MES_EXP, USURIO_ID) values (31, '4602', '6334481396631675714', '2022', '2', 31);

------------------------------------------------------------------------------------------------------------------------------------------------------------------

insert into SERVICIO (SERVICIO_ID, NOMBRE, DESCRIPCION, ICONO) values (1, 'Aire acondicionado', 'Cuenta con aire acondicionado electrico, contres niveles', 1);
insert into SERVICIO (SERVICIO_ID, NOMBRE, DESCRIPCION, ICONO) values (2, 'WiFi', 'Plan para 8 dispositivos, con 50 Mbps ', 2);
insert into SERVICIO (SERVICIO_ID, NOMBRE, DESCRIPCION, ICONO) values (3, 'Gimnasio', 'Habitación con dispisitivos de gimnasio en casa', 3);
insert into SERVICIO (SERVICIO_ID, NOMBRE, DESCRIPCION, ICONO) values (4, 'Servicios de TV privada', 'Tiene acceso a 30 canales', 4);
insert into SERVICIO (SERVICIO_ID, NOMBRE, DESCRIPCION, ICONO) values (5, 'Clases de Yoga', 'Se cuenta con una instructora que da clases personales', 5);
insert into SERVICIO (SERVICIO_ID, NOMBRE, DESCRIPCION, ICONO) values (6, 'Estacionamiento', 'Un espacio de estacionamiento seguro y vigilado', 6);

-----------------------------------------------------------------------------------------------------------------------------------------------

insert into ESTATUS_VIVIENDA(estatus_vivienda_id,clave,descripcion)values (1,'D','DISPONIBLE');
insert into ESTATUS_VIVIENDA(estatus_vivienda_id,clave,descripcion)values (2,'R','EN RENTA');
insert into ESTATUS_VIVIENDA(estatus_vivienda_id,clave,descripcion)values (3,'A','ALQUILADA');
insert into ESTATUS_VIVIENDA(estatus_vivienda_id,clave,descripcion)values (4,'E','EN VENTA');
insert into ESTATUS_VIVIENDA(estatus_vivienda_id,clave,descripcion)values (5,'V','VENDIDA');
insert into ESTATUS_VIVIENDA(estatus_vivienda_id,clave,descripcion)values (6,'I','INACTIVA');

------------------------------------------------------------------------------------------------------------------------------------------------

insert into VIVIENDA_SERVICIO(servicio_id,vivienda_id) values (1,1);
insert into VIVIENDA_SERVICIO(servicio_id,vivienda_id) values (1,3);
insert into VIVIENDA_SERVICIO(servicio_id,vivienda_id) values (1,4);
insert into VIVIENDA_SERVICIO(servicio_id,vivienda_id) values (1,6);
insert into VIVIENDA_SERVICIO(servicio_id,vivienda_id) values (2,4);
insert into VIVIENDA_SERVICIO(servicio_id,vivienda_id) values (2,3);
insert into VIVIENDA_SERVICIO(servicio_id,vivienda_id) values (2,6);
insert into VIVIENDA_SERVICIO(servicio_id,vivienda_id) values (3,1);
insert into VIVIENDA_SERVICIO(servicio_id,vivienda_id) values (3,2);
insert into VIVIENDA_SERVICIO(servicio_id,vivienda_id) values (3,5);
insert into VIVIENDA_SERVICIO(servicio_id,vivienda_id) values (3,6);
insert into VIVIENDA_SERVICIO(servicio_id,vivienda_id) values (4,1);
insert into VIVIENDA_SERVICIO(servicio_id,vivienda_id) values (4,6);
insert into VIVIENDA_SERVICIO(servicio_id,vivienda_id) values (4,5);
insert into VIVIENDA_SERVICIO(servicio_id,vivienda_id) values (5,1);
insert into VIVIENDA_SERVICIO(servicio_id,vivienda_id) values (5,3);
insert into VIVIENDA_SERVICIO(servicio_id,vivienda_id) values (5,4);
insert into VIVIENDA_SERVICIO(servicio_id,vivienda_id) values (5,6);
insert into VIVIENDA_SERVICIO(servicio_id,vivienda_id) values (6,2);
insert into VIVIENDA_SERVICIO(servicio_id,vivienda_id) values (6,4);
insert into VIVIENDA_SERVICIO(servicio_id,vivienda_id) values (6,5);
insert into VIVIENDA_SERVICIO(servicio_id,vivienda_id) values (6,6);

---------------------------------------------------------------------------------------------------------------------------------------------------

insert into HIST_ESTATUS_VIVIENDA(hist_estatus_vivienda_id,fecha_estatus,vivienda_id,estatus_vivienda_id) values(1,'9/17/1992',1,1);
insert into HIST_ESTATUS_VIVIENDA(hist_estatus_vivienda_id,fecha_estatus,vivienda_id,estatus_vivienda_id) values(1,'5/18/1998',2,1);
insert into HIST_ESTATUS_VIVIENDA(hist_estatus_vivienda_id,fecha_estatus,vivienda_id,estatus_vivienda_id) values(1,'1/24/2001',3,1);
insert into HIST_ESTATUS_VIVIENDA(hist_estatus_vivienda_id,fecha_estatus,vivienda_id,estatus_vivienda_id) values(1,'9/15/2007',4,1);
insert into HIST_ESTATUS_VIVIENDA(hist_estatus_vivienda_id,fecha_estatus,vivienda_id,estatus_vivienda_id) values(1,'3/01/2012',5,1);
insert into HIST_ESTATUS_VIVIENDA(hist_estatus_vivienda_id,fecha_estatus,vivienda_id,estatus_vivienda_id) values(1,'4/23/2017',6,1);
insert into HIST_ESTATUS_VIVIENDA(hist_estatus_vivienda_id,fecha_estatus,vivienda_id,estatus_vivienda_id) values(1,'10/17/1992',1,2);
insert into HIST_ESTATUS_VIVIENDA(hist_estatus_vivienda_id,fecha_estatus,vivienda_id,estatus_vivienda_id) values(1,'11/17/1992',1,3);
insert into HIST_ESTATUS_VIVIENDA(hist_estatus_vivienda_id,fecha_estatus,vivienda_id,estatus_vivienda_id) values(1,'12/17/1992',1,4);
insert into HIST_ESTATUS_VIVIENDA(hist_estatus_vivienda_id,fecha_estatus,vivienda_id,estatus_vivienda_id) values(1,'2/24/2001',5,5);
insert into HIST_ESTATUS_VIVIENDA(hist_estatus_vivienda_id,fecha_estatus,vivienda_id,estatus_vivienda_id) values(1,'3/24/2001',4,5);
insert into HIST_ESTATUS_VIVIENDA(hist_estatus_vivienda_id,fecha_estatus,vivienda_id,estatus_vivienda_id) values(1,'4/24/2007',4,4);
insert into HIST_ESTATUS_VIVIENDA(hist_estatus_vivienda_id,fecha_estatus,vivienda_id,estatus_vivienda_id) values(1,'2/24/2008',3,4);
insert into HIST_ESTATUS_VIVIENDA(hist_estatus_vivienda_id,fecha_estatus,vivienda_id,estatus_vivienda_id) values(1,'3/24/2007',1,6);
insert into HIST_ESTATUS_VIVIENDA(hist_estatus_vivienda_id,fecha_estatus,vivienda_id,estatus_vivienda_id) values(1,'4/24/2008',1,3);

------------------------------------------------------------------------------------------------------------------------------------------------------

insert into IMAGEN(imagen_id,vivienda_id,imagen) values (1,1,empty_blob());
insert into IMAGEN(imagen_id,vivienda_id,imagen) values (2,1,empty_blob());
insert into IMAGEN(imagen_id,vivienda_id,imagen) values (3,1,empty_blob());
insert into IMAGEN(imagen_id,vivienda_id,imagen) values (4,1,empty_blob());
insert into IMAGEN(imagen_id,vivienda_id,imagen) values (5,1,empty_blob());
insert into IMAGEN(imagen_id,vivienda_id,imagen) values (6,1,empty_blob());
insert into IMAGEN(imagen_id,vivienda_id,imagen) values (1,1,empty_blob());
insert into IMAGEN(imagen_id,vivienda_id,imagen) values (8,1,empty_blob());
insert into IMAGEN(imagen_id,vivienda_id,imagen) values (9,1,empty_blob());
insert into IMAGEN(imagen_id,vivienda_id,imagen) values (10,1,empty_blob());
insert into IMAGEN(imagen_id,vivienda_id,imagen) values (11,1,empty_blob());
insert into IMAGEN(imagen_id,vivienda_id,imagen) values (12,1,empty_blob());
insert into IMAGEN(imagen_id,vivienda_id,imagen) values (13,1,empty_blob());
insert into IMAGEN(imagen_id,vivienda_id,imagen) values (1,2,empty_blob());
insert into IMAGEN(imagen_id,vivienda_id,imagen) values (2,2,empty_blob());
insert into IMAGEN(imagen_id,vivienda_id,imagen) values (3,2,empty_blob());
insert into IMAGEN(imagen_id,vivienda_id,imagen) values (4,2,empty_blob());
insert into IMAGEN(imagen_id,vivienda_id,imagen) values (5,2,empty_blob());
insert into IMAGEN(imagen_id,vivienda_id,imagen) values (6,2,empty_blob());
insert into IMAGEN(imagen_id,vivienda_id,imagen) values (1,3,empty_blob());
insert into IMAGEN(imagen_id,vivienda_id,imagen) values (2,3,empty_blob());
insert into IMAGEN(imagen_id,vivienda_id,imagen) values (3,3,empty_blob());
insert into IMAGEN(imagen_id,vivienda_id,imagen) values (2,4,empty_blob());
insert into IMAGEN(imagen_id,vivienda_id,imagen) values (3,4,empty_blob());
insert into IMAGEN(imagen_id,vivienda_id,imagen) values (4,4,empty_blob());
insert into IMAGEN(imagen_id,vivienda_id,imagen) values (1,5,empty_blob());
insert into IMAGEN(imagen_id,vivienda_id,imagen) values (2,5,empty_blob());
insert into IMAGEN(imagen_id,vivienda_id,imagen) values (3,5,empty_blob());
insert into IMAGEN(imagen_id,vivienda_id,imagen) values (4,5,empty_blob());

-------------------------------------------------------------------------------------------------------------------------------------------------------

insert into CLABE_RENTA (CLABE_RENTA_ID, CLAVE, VIVIENDA_ID) values (1, '501805799735907135', 1);
insert into CLABE_RENTA (CLABE_RENTA_ID, CLAVE, VIVIENDA_ID) values (2, '352868672363127', 4);
insert into CLABE_RENTA (CLABE_RENTA_ID, CLAVE, VIVIENDA_ID) values (3, '633331678706440818',5 );
insert into CLABE_RENTA (CLABE_RENTA_ID, CLAVE, VIVIENDA_ID) values (4, '3627849286596', 6);
insert into CLABE_RENTA (CLABE_RENTA_ID, CLAVE, VIVIENDA_ID) values (5, '522047594572555', 2);
insert into CLABE_RENTA (CLABE_RENTA_ID, CLAVE, VIVIENDA_ID) values (6, '358493728890860', 3);
insert into CLABE_RENTA (CLABE_RENTA_ID, CLAVE, VIVIENDA_ID) values (7, '510013249545133', 1);
insert into CLABE_RENTA (CLABE_RENTA_ID, CLAVE, VIVIENDA_ID) values (8, '358766166215901', 4);
insert into CLABE_RENTA (CLABE_RENTA_ID, CLAVE, VIVIENDA_ID) values (9, '354828983821500', 5);
insert into CLABE_RENTA (CLABE_RENTA_ID, CLAVE, VIVIENDA_ID) values (10, '352824395589667', 2);
insert into CLABE_RENTA (CLABE_RENTA_ID, CLAVE, VIVIENDA_ID) values (11, '353799115976780', 3);
insert into CLABE_RENTA (CLABE_RENTA_ID, CLAVE, VIVIENDA_ID) values (12, '404197105509010', 1);
insert into CLABE_RENTA (CLABE_RENTA_ID, CLAVE, VIVIENDA_ID) values (13, '401959626184428', 6);


--------------------------------------------------------------------------------------------------------------------------------------------------------
